user_id,wechat_id,cohort,treatment
1,b83120371,4,T1
1,b83120371,4,T1
1,b83120371,4,T1
1,b83120371,4,T1
1,b83120371,4,T1
1,b83120371,4,T1
1,b83120371,4,T1
1,b83120371,4,T1
1,b83120371,4,T1
1,BIBOBBY18dream,1,t
2,Yee_970611,1,t
3,cherry_akashi,1,t
4,imwangdanqing,1,t
5,jiahui--1314,1,t
6,littlebadfox,1,t
7,lqy18810609835,1,t
8,n1015857581,1,t
9,scn960221,1,t
10,wby0209,1,t
11,wby0209,1,t
12,wxid_3y8b2ve5a8pt21,1,t
13,wxy19951129cjy,1,t
14,yznRCS,1,t
15,Crier-L,2,t
16,Ggg_000000001,2,t
17,LotusP731,2,t
18,Rocky19981203,2,t
19,Zziyi_1996,2,t
20,huangxuebinghh,2,t
21,jta18867921184,2,t
22,xujia837,2,t
23,Azure_Era,3,t
24,BillMactavish,3,t
25,DoubleInfinity1998,3,t
26,Gerrygorelxy,3,t
27,H1075646651,3,t
28,LIlu900201,3,t
29,LZR29866760,3,t
30,QJX13363915119,3,t
31,WHEARTS,3,t
32,XADoris,3,t
33,Xingfuma0707,3,t
34,angeladou1328741646,3,t
35,bzg956999644,3,t
36,dcy961201,3,t
37,fan414692262,3,t
38,jizhiruwo123456,3,t
39,jpf691008,3,t
40,maoruofan1219,3,t
41,qiaomu12306,3,t
42,qiaosan_weixin,3,t
43,rrrmt1,3,t
44,sun108861931,3,t
45,ttytll,3,t
46,weijiajie898676919,3,t
47,weiyutu,3,t
48,wh997912782,3,t
49,wolfieemo,3,t
50,wsj5523220,3,t
51,wx13992366388,3,t
52,wxid_0wpd276jr9f622,3,t
53,wxid_20bvofufsh6z22,3,t
54,wxid_7616946168811,3,t
55,wxid_d8x5pl6sbqta22,3,t
56,wxid_eby9vbrixm7i22,3,t
57,wxid_jhg4xpel5gri21,3,t
58,wxid_lbm8xlhe1mr821,3,t
59,wxid_wkmkdy6jxqo22,3,t
60,wzrzyx,3,t
61,xaflyfly,3,t
62,xiongaidashu,3,t
63,youge1028,3,t
64,z18992318877,3,t
65,zhang805405725,3,t
66,zidungxiang,3,t
67,zjm132325,3,t
68,zyh55416,3,t
41001770,survey-study,4,T4
41001770,survey-study,4,T4
41001770,survey-study,4,T4
41001770,survey-study,4,T4
41001770,survey-study,4,T4
41001770,survey-study,4,T4
41001770,survey-study,4,T4
41001770,survey-study,4,T4
41001770,survey-study,4,T4
41004844,19921891007,4,T2
41004844,19921891007,4,T2
41004844,19921891007,4,T2
41004844,19921891007,4,T2
41004844,19921891007,4,T2
41004844,19921891007,4,T2
41004844,19921891007,4,T2
41004844,19921891007,4,T2
41004844,19921891007,4,T2
41106470,wxid_fviwiei4j5x412,4,T3
41106470,wxid_fviwiei4j5x412,4,T3
41106470,wxid_fviwiei4j5x412,4,T3
41106470,wxid_fviwiei4j5x412,4,T3
41106470,wxid_fviwiei4j5x412,4,T3
41106470,wxid_fviwiei4j5x412,4,T3
41106470,wxid_fviwiei4j5x412,4,T3
41106470,wxid_fviwiei4j5x412,4,T3
41106470,wxid_fviwiei4j5x412,4,T3
41107709,aliceluck,4,T1
41107709,aliceluck,4,T1
41107709,aliceluck,4,T1
41107709,aliceluck,4,T1
41107709,aliceluck,4,T1
41107709,aliceluck,4,T1
41107709,aliceluck,4,T1
41107709,aliceluck,4,T1
41107709,aliceluck,4,T1
41109482,ElaineWinnie,4,T1
41109482,ElaineWinnie,4,T1
41109482,ElaineWinnie,4,T1
41109482,ElaineWinnie,4,T1
41109482,ElaineWinnie,4,T1
41109482,ElaineWinnie,4,T1
41109482,ElaineWinnie,4,T1
41109482,ElaineWinnie,4,T1
41109482,ElaineWinnie,4,T1
41111612,mengliuxi2010,4,T3
41111612,mengliuxi2010,4,T3
41111612,mengliuxi2010,4,T3
41111612,mengliuxi2010,4,T3
41111612,mengliuxi2010,4,T3
41111612,mengliuxi2010,4,T3
41111612,mengliuxi2010,4,T3
41111612,mengliuxi2010,4,T3
41111612,mengliuxi2010,4,T3
41112963,C2013072736,4,T1
41112963,C2013072736,4,T1
41112963,C2013072736,4,T1
41112963,C2013072736,4,T1
41112963,C2013072736,4,T1
41112963,C2013072736,4,T1
41112963,C2013072736,4,T1
41112963,C2013072736,4,T1
41112963,C2013072736,4,T1
41114824,a39843160,4,T4
41114824,a39843160,4,T4
41114824,a39843160,4,T4
41114824,a39843160,4,T4
41114824,a39843160,4,T4
41114824,a39843160,4,T4
41114824,a39843160,4,T4
41114824,a39843160,4,T4
41114824,a39843160,4,T4
41118820,lihui123____,4,T3
41118820,lihui123____,4,T3
41118820,lihui123____,4,T3
41118820,lihui123____,4,T3
41118820,lihui123____,4,T3
41118820,lihui123____,4,T3
41118820,lihui123____,4,T3
41118820,lihui123____,4,T3
41118820,lihui123____,4,T3
41120393,DawnCHEN12,4,T2
41120393,DawnCHEN12,4,T2
41120393,DawnCHEN12,4,T2
41120393,DawnCHEN12,4,T2
41120393,DawnCHEN12,4,T2
41120393,DawnCHEN12,4,T2
41120393,DawnCHEN12,4,T2
41120393,DawnCHEN12,4,T2
41120393,DawnCHEN12,4,T2
41122511,wxid_tsmlvx3ua4qp22,4,T2
41122511,wxid_tsmlvx3ua4qp22,4,T2
41122511,wxid_tsmlvx3ua4qp22,4,T2
41122511,wxid_tsmlvx3ua4qp22,4,T2
41122511,wxid_tsmlvx3ua4qp22,4,T2
41122511,wxid_tsmlvx3ua4qp22,4,T2
41122511,wxid_tsmlvx3ua4qp22,4,T2
41122511,wxid_tsmlvx3ua4qp22,4,T2
41122511,wxid_tsmlvx3ua4qp22,4,T2
41123384,wxid_eilo515dosie21,4,T3
41123384,wxid_eilo515dosie21,4,T3
41123384,wxid_eilo515dosie21,4,T3
41123384,wxid_eilo515dosie21,4,T3
41123384,wxid_eilo515dosie21,4,T3
41123384,wxid_eilo515dosie21,4,T3
41123384,wxid_eilo515dosie21,4,T3
41123384,wxid_eilo515dosie21,4,T3
41123384,wxid_eilo515dosie21,4,T3
41124814,ggmmd0,4,T4
41124814,ggmmd0,4,T4
41124814,ggmmd0,4,T4
41124814,ggmmd0,4,T4
41124814,ggmmd0,4,T4
41124814,ggmmd0,4,T4
41124814,ggmmd0,4,T4
41124814,ggmmd0,4,T4
41124814,ggmmd0,4,T4
41126698,zxh-19980602,4,T1
41126698,zxh-19980602,4,T1
41126698,zxh-19980602,4,T1
41126698,zxh-19980602,4,T1
41126698,zxh-19980602,4,T1
41126698,zxh-19980602,4,T1
41126698,zxh-19980602,4,T1
41126698,zxh-19980602,4,T1
41126698,zxh-19980602,4,T1
41127011,dhh11191106,4,T2
41127011,dhh11191106,4,T2
41127011,dhh11191106,4,T2
41127011,dhh11191106,4,T2
41127011,dhh11191106,4,T2
41127011,dhh11191106,4,T2
41127011,dhh11191106,4,T2
41127011,dhh11191106,4,T2
41127011,dhh11191106,4,T2
41128991,hubiao950918,4,T2
41128991,hubiao950918,4,T2
41128991,hubiao950918,4,T2
41128991,hubiao950918,4,T2
41128991,hubiao950918,4,T2
41128991,hubiao950918,4,T2
41128991,hubiao950918,4,T2
41128991,hubiao950918,4,T2
41128991,hubiao950918,4,T2
41129485,leguamer_tt-1,4,T1
41129485,leguamer_tt-1,4,T1
41129485,leguamer_tt-1,4,T1
41129485,leguamer_tt-1,4,T1
41129485,leguamer_tt-1,4,T1
41129485,leguamer_tt-1,4,T1
41129485,leguamer_tt-1,4,T1
41129485,leguamer_tt-1,4,T1
41129485,leguamer_tt-1,4,T1
41131833,wxid_51ki7mo42vwy22,4,T1
41131833,wxid_51ki7mo42vwy22,4,T1
41131833,wxid_51ki7mo42vwy22,4,T1
41131833,wxid_51ki7mo42vwy22,4,T1
41131833,wxid_51ki7mo42vwy22,4,T1
41131833,wxid_51ki7mo42vwy22,4,T1
41131833,wxid_51ki7mo42vwy22,4,T1
41131833,wxid_51ki7mo42vwy22,4,T1
41131833,wxid_51ki7mo42vwy22,4,T1
41132130,wenjingMa94,4,T3
41132130,wenjingMa94,4,T3
41132130,wenjingMa94,4,T3
41132130,wenjingMa94,4,T3
41132130,wenjingMa94,4,T3
41132130,wenjingMa94,4,T3
41132130,wenjingMa94,4,T3
41132130,wenjingMa94,4,T3
41132130,wenjingMa94,4,T3
41133755,woaiwoziji_guolei,4,T3
41133755,woaiwoziji_guolei,4,T3
41133755,woaiwoziji_guolei,4,T3
41133755,woaiwoziji_guolei,4,T3
41133755,woaiwoziji_guolei,4,T3
41133755,woaiwoziji_guolei,4,T3
41133755,woaiwoziji_guolei,4,T3
41133755,woaiwoziji_guolei,4,T3
41133755,woaiwoziji_guolei,4,T3
41134121,im-possible-,4,T4
41134121,im-possible-,4,T4
41134121,im-possible-,4,T4
41134121,im-possible-,4,T4
41134121,im-possible-,4,T4
41134121,im-possible-,4,T4
41134121,im-possible-,4,T4
41134121,im-possible-,4,T4
41134121,im-possible-,4,T4
41135682,EmilyJovovich,4,T4
41135682,EmilyJovovich,4,T4
41135682,EmilyJovovich,4,T4
41135682,EmilyJovovich,4,T4
41135682,EmilyJovovich,4,T4
41135682,EmilyJovovich,4,T4
41135682,EmilyJovovich,4,T4
41135682,EmilyJovovich,4,T4
41135682,EmilyJovovich,4,T4
41136889,Eason9382,4,T4
41136889,Eason9382,4,T4
41136889,Eason9382,4,T4
41136889,Eason9382,4,T4
41136889,Eason9382,4,T4
41136889,Eason9382,4,T4
41136889,Eason9382,4,T4
41136889,Eason9382,4,T4
41136889,Eason9382,4,T4
41137830,kakalzo,4,T4
41137830,kakalzo,4,T4
41137830,kakalzo,4,T4
41137830,kakalzo,4,T4
41137830,kakalzo,4,T4
41137830,kakalzo,4,T4
41137830,kakalzo,4,T4
41137830,kakalzo,4,T4
41137830,kakalzo,4,T4
41140519,lvyifanLVYIFAN,4,T4
41140519,lvyifanLVYIFAN,4,T4
41140519,lvyifanLVYIFAN,4,T4
41140519,lvyifanLVYIFAN,4,T4
41140519,lvyifanLVYIFAN,4,T4
41140519,lvyifanLVYIFAN,4,T4
41140519,lvyifanLVYIFAN,4,T4
41140519,lvyifanLVYIFAN,4,T4
41140519,lvyifanLVYIFAN,4,T4
41141544,liangyue3666,4,T4
41141544,liangyue3666,4,T4
41141544,liangyue3666,4,T4
41141544,liangyue3666,4,T4
41141544,liangyue3666,4,T4
41141544,liangyue3666,4,T4
41141544,liangyue3666,4,T4
41141544,liangyue3666,4,T4
41141544,liangyue3666,4,T4
41142751,wxid_yd4ek2qwm8i822,4,T2
41142751,wxid_yd4ek2qwm8i822,4,T2
41142751,wxid_yd4ek2qwm8i822,4,T2
41142751,wxid_yd4ek2qwm8i822,4,T2
41142751,wxid_yd4ek2qwm8i822,4,T2
41142751,wxid_yd4ek2qwm8i822,4,T2
41142751,wxid_yd4ek2qwm8i822,4,T2
41142751,wxid_yd4ek2qwm8i822,4,T2
41142751,wxid_yd4ek2qwm8i822,4,T2
41144132,xuyue18725387695,4,T3
41144132,xuyue18725387695,4,T3
41144132,xuyue18725387695,4,T3
41144132,xuyue18725387695,4,T3
41144132,xuyue18725387695,4,T3
41144132,xuyue18725387695,4,T3
41144132,xuyue18725387695,4,T3
41144132,xuyue18725387695,4,T3
41144132,xuyue18725387695,4,T3
41145013,CSM1551680495,4,T2
41145013,CSM1551680495,4,T2
41145013,CSM1551680495,4,T2
41145013,CSM1551680495,4,T2
41145013,CSM1551680495,4,T2
41145013,CSM1551680495,4,T2
41145013,CSM1551680495,4,T2
41145013,CSM1551680495,4,T2
41145013,CSM1551680495,4,T2
41147905,Heroxmk,4,T4
41147905,Heroxmk,4,T4
41147905,Heroxmk,4,T4
41147905,Heroxmk,4,T4
41147905,Heroxmk,4,T4
41147905,Heroxmk,4,T4
41147905,Heroxmk,4,T4
41147905,Heroxmk,4,T4
41147905,Heroxmk,4,T4
41148503,SwanLau_,4,T1
41148503,SwanLau_,4,T1
41148503,SwanLau_,4,T1
41148503,SwanLau_,4,T1
41148503,SwanLau_,4,T1
41148503,SwanLau_,4,T1
41148503,SwanLau_,4,T1
41148503,SwanLau_,4,T1
41148503,SwanLau_,4,T1
41149972,zhengtao-x,4,T1
41149972,zhengtao-x,4,T1
41149972,zhengtao-x,4,T1
41149972,zhengtao-x,4,T1
41149972,zhengtao-x,4,T1
41149972,zhengtao-x,4,T1
41149972,zhengtao-x,4,T1
41149972,zhengtao-x,4,T1
41149972,zhengtao-x,4,T1
41150828,YZP0202-,4,T4
41150828,YZP0202-,4,T4
41150828,YZP0202-,4,T4
41150828,YZP0202-,4,T4
41150828,YZP0202-,4,T4
41150828,YZP0202-,4,T4
41150828,YZP0202-,4,T4
41150828,YZP0202-,4,T4
41150828,YZP0202-,4,T4
41151836,AnInterestingPanda,4,T2
41151836,AnInterestingPanda,4,T2
41151836,AnInterestingPanda,4,T2
41151836,AnInterestingPanda,4,T2
41151836,AnInterestingPanda,4,T2
41151836,AnInterestingPanda,4,T2
41151836,AnInterestingPanda,4,T2
41151836,AnInterestingPanda,4,T2
41151836,AnInterestingPanda,4,T2
41152784,zml19660306,4,T3
41152784,zml19660306,4,T3
41152784,zml19660306,4,T3
41152784,zml19660306,4,T3
41152784,zml19660306,4,T3
41152784,zml19660306,4,T3
41152784,zml19660306,4,T3
41152784,zml19660306,4,T3
41152784,zml19660306,4,T3
41153337,hare-1,4,T2
41153337,hare-1,4,T2
41153337,hare-1,4,T2
41153337,hare-1,4,T2
41153337,hare-1,4,T2
41153337,hare-1,4,T2
41153337,hare-1,4,T2
41153337,hare-1,4,T2
41153337,hare-1,4,T2
41154113,LI12126972NUO,4,T3
41154113,LI12126972NUO,4,T3
41154113,LI12126972NUO,4,T3
41154113,LI12126972NUO,4,T3
41154113,LI12126972NUO,4,T3
41154113,LI12126972NUO,4,T3
41154113,LI12126972NUO,4,T3
41154113,LI12126972NUO,4,T3
41154113,LI12126972NUO,4,T3
41156553,t11700107,4,T4
41156553,t11700107,4,T4
41156553,t11700107,4,T4
41156553,t11700107,4,T4
41156553,t11700107,4,T4
41156553,t11700107,4,T4
41156553,t11700107,4,T4
41156553,t11700107,4,T4
41156553,t11700107,4,T4
41157520,g182351520,4,T2
41157520,g182351520,4,T2
41157520,g182351520,4,T2
41157520,g182351520,4,T2
41157520,g182351520,4,T2
41157520,g182351520,4,T2
41157520,g182351520,4,T2
41157520,g182351520,4,T2
41157520,g182351520,4,T2
41158332,ayuhello,4,T4
41158332,ayuhello,4,T4
41158332,ayuhello,4,T4
41158332,ayuhello,4,T4
41158332,ayuhello,4,T4
41158332,ayuhello,4,T4
41158332,ayuhello,4,T4
41158332,ayuhello,4,T4
41158332,ayuhello,4,T4
41160959,zqlxialanjin0216,4,T3
41160959,zqlxialanjin0216,4,T3
41160959,zqlxialanjin0216,4,T3
41160959,zqlxialanjin0216,4,T3
41160959,zqlxialanjin0216,4,T3
41160959,zqlxialanjin0216,4,T3
41160959,zqlxialanjin0216,4,T3
41160959,zqlxialanjin0216,4,T3
41160959,zqlxialanjin0216,4,T3
41161391,jz6229,4,T4
41161391,jz6229,4,T4
41161391,jz6229,4,T4
41161391,jz6229,4,T4
41161391,jz6229,4,T4
41161391,jz6229,4,T4
41161391,jz6229,4,T4
41161391,jz6229,4,T4
41161391,jz6229,4,T4
41162186,iamxiaoluo,4,T1
41162186,iamxiaoluo,4,T1
41162186,iamxiaoluo,4,T1
41162186,iamxiaoluo,4,T1
41162186,iamxiaoluo,4,T1
41162186,iamxiaoluo,4,T1
41162186,iamxiaoluo,4,T1
41162186,iamxiaoluo,4,T1
41162186,iamxiaoluo,4,T1
41164841,YiDanna_Zhang,4,T1
41164841,YiDanna_Zhang,4,T1
41164841,YiDanna_Zhang,4,T1
41164841,YiDanna_Zhang,4,T1
41164841,YiDanna_Zhang,4,T1
41164841,YiDanna_Zhang,4,T1
41164841,YiDanna_Zhang,4,T1
41164841,YiDanna_Zhang,4,T1
41164841,YiDanna_Zhang,4,T1
41165989,Stan-Brabbit,4,T3
41165989,Stan-Brabbit,4,T3
41165989,Stan-Brabbit,4,T3
41165989,Stan-Brabbit,4,T3
41165989,Stan-Brabbit,4,T3
41165989,Stan-Brabbit,4,T3
41165989,Stan-Brabbit,4,T3
41165989,Stan-Brabbit,4,T3
41165989,Stan-Brabbit,4,T3
41166681,wulacc,4,T4
41166681,wulacc,4,T4
41166681,wulacc,4,T4
41166681,wulacc,4,T4
41166681,wulacc,4,T4
41166681,wulacc,4,T4
41166681,wulacc,4,T4
41166681,wulacc,4,T4
41166681,wulacc,4,T4
41167049,Zyy892898685,4,T4
41167049,Zyy892898685,4,T4
41167049,Zyy892898685,4,T4
41167049,Zyy892898685,4,T4
41167049,Zyy892898685,4,T4
41167049,Zyy892898685,4,T4
41167049,Zyy892898685,4,T4
41167049,Zyy892898685,4,T4
41167049,Zyy892898685,4,T4
41168365,zhaoxia4817,4,T1
41168365,zhaoxia4817,4,T1
41168365,zhaoxia4817,4,T1
41168365,zhaoxia4817,4,T1
41168365,zhaoxia4817,4,T1
41168365,zhaoxia4817,4,T1
41168365,zhaoxia4817,4,T1
41168365,zhaoxia4817,4,T1
41168365,zhaoxia4817,4,T1
41170067,wxkwxhna,4,T1
41170067,wxkwxhna,4,T1
41170067,wxkwxhna,4,T1
41170067,wxkwxhna,4,T1
41170067,wxkwxhna,4,T1
41170067,wxkwxhna,4,T1
41170067,wxkwxhna,4,T1
41170067,wxkwxhna,4,T1
41170067,wxkwxhna,4,T1
41171018,dyq2104347152,4,T3
41171018,dyq2104347152,4,T3
41171018,dyq2104347152,4,T3
41171018,dyq2104347152,4,T3
41171018,dyq2104347152,4,T3
41171018,dyq2104347152,4,T3
41171018,dyq2104347152,4,T3
41171018,dyq2104347152,4,T3
41171018,dyq2104347152,4,T3
41182505,广东 湛江,4,T4
41182505,广东 湛江,4,T4
41182505,广东 湛江,4,T4
41182505,广东 湛江,4,T4
41182505,广东 湛江,4,T4
41182505,广东 湛江,4,T4
41182505,广东 湛江,4,T4
41182505,广东 湛江,4,T4
41182505,广东 湛江,4,T4
41183949,jing_1996,4,T4
41183949,jing_1996,4,T4
41183949,jing_1996,4,T4
41183949,jing_1996,4,T4
41183949,jing_1996,4,T4
41183949,jing_1996,4,T4
41183949,jing_1996,4,T4
41183949,jing_1996,4,T4
41183949,jing_1996,4,T4
41184099,refine6521,4,T3
41184099,refine6521,4,T3
41184099,refine6521,4,T3
41184099,refine6521,4,T3
41184099,refine6521,4,T3
41184099,refine6521,4,T3
41184099,refine6521,4,T3
41184099,refine6521,4,T3
41184099,refine6521,4,T3
41185115,Sillyfox_1997,4,T1
41185115,Sillyfox_1997,4,T1
41185115,Sillyfox_1997,4,T1
41185115,Sillyfox_1997,4,T1
41185115,Sillyfox_1997,4,T1
41185115,Sillyfox_1997,4,T1
41185115,Sillyfox_1997,4,T1
41185115,Sillyfox_1997,4,T1
41185115,Sillyfox_1997,4,T1
41186381,charlie_yu_0803,4,T2
41186381,charlie_yu_0803,4,T2
41186381,charlie_yu_0803,4,T2
41186381,charlie_yu_0803,4,T2
41186381,charlie_yu_0803,4,T2
41186381,charlie_yu_0803,4,T2
41186381,charlie_yu_0803,4,T2
41186381,charlie_yu_0803,4,T2
41186381,charlie_yu_0803,4,T2
41187861,SockyChan888,4,T1
41187861,SockyChan888,4,T1
41187861,SockyChan888,4,T1
41187861,SockyChan888,4,T1
41187861,SockyChan888,4,T1
41187861,SockyChan888,4,T1
41187861,SockyChan888,4,T1
41187861,SockyChan888,4,T1
41187861,SockyChan888,4,T1
41188319,shuyejuelao,4,T2
41188319,shuyejuelao,4,T2
41188319,shuyejuelao,4,T2
41188319,shuyejuelao,4,T2
41188319,shuyejuelao,4,T2
41188319,shuyejuelao,4,T2
41188319,shuyejuelao,4,T2
41188319,shuyejuelao,4,T2
41188319,shuyejuelao,4,T2
41197693,wo912190723,4,T2
41197693,wo912190723,4,T2
41197693,wo912190723,4,T2
41197693,wo912190723,4,T2
41197693,wo912190723,4,T2
41197693,wo912190723,4,T2
41197693,wo912190723,4,T2
41197693,wo912190723,4,T2
41197693,wo912190723,4,T2
41198689,sj714823587,4,T1
41198689,sj714823587,4,T1
41198689,sj714823587,4,T1
41198689,sj714823587,4,T1
41198689,sj714823587,4,T1
41198689,sj714823587,4,T1
41198689,sj714823587,4,T1
41198689,sj714823587,4,T1
41198689,sj714823587,4,T1
41199704,SCYang-,4,T2
41199704,SCYang-,4,T2
41199704,SCYang-,4,T2
41199704,SCYang-,4,T2
41199704,SCYang-,4,T2
41199704,SCYang-,4,T2
41199704,SCYang-,4,T2
41199704,SCYang-,4,T2
41199704,SCYang-,4,T2
41200198,mikeconely,4,T2
41200198,mikeconely,4,T2
41200198,mikeconely,4,T2
41200198,mikeconely,4,T2
41200198,mikeconely,4,T2
41200198,mikeconely,4,T2
41200198,mikeconely,4,T2
41200198,mikeconely,4,T2
41200198,mikeconely,4,T2
41201591,YOUNG--YOUNG21,4,T4
41201591,YOUNG--YOUNG21,4,T4
41201591,YOUNG--YOUNG21,4,T4
41201591,YOUNG--YOUNG21,4,T4
41201591,YOUNG--YOUNG21,4,T4
41201591,YOUNG--YOUNG21,4,T4
41201591,YOUNG--YOUNG21,4,T4
41201591,YOUNG--YOUNG21,4,T4
41201591,YOUNG--YOUNG21,4,T4
41202110,ls954606775,4,T3
41202110,ls954606775,4,T3
41202110,ls954606775,4,T3
41202110,ls954606775,4,T3
41202110,ls954606775,4,T3
41202110,ls954606775,4,T3
41202110,ls954606775,4,T3
41202110,ls954606775,4,T3
41202110,ls954606775,4,T3
41203344,zhaocr2000,4,T3
41203344,zhaocr2000,4,T3
41203344,zhaocr2000,4,T3
41203344,zhaocr2000,4,T3
41203344,zhaocr2000,4,T3
41203344,zhaocr2000,4,T3
41203344,zhaocr2000,4,T3
41203344,zhaocr2000,4,T3
41203344,zhaocr2000,4,T3
41204336,zyd0717,4,T1
41204336,zyd0717,4,T1
41204336,zyd0717,4,T1
41204336,zyd0717,4,T1
41204336,zyd0717,4,T1
41204336,zyd0717,4,T1
41204336,zyd0717,4,T1
41204336,zyd0717,4,T1
41204336,zyd0717,4,T1
41205241,mariehmj,4,T2
41205241,mariehmj,4,T2
41205241,mariehmj,4,T2
41205241,mariehmj,4,T2
41205241,mariehmj,4,T2
41205241,mariehmj,4,T2
41205241,mariehmj,4,T2
41205241,mariehmj,4,T2
41205241,mariehmj,4,T2
41206028,cyj252431395,4,T1
41206028,cyj252431395,4,T1
41206028,cyj252431395,4,T1
41206028,cyj252431395,4,T1
41206028,cyj252431395,4,T1
41206028,cyj252431395,4,T1
41206028,cyj252431395,4,T1
41206028,cyj252431395,4,T1
41206028,cyj252431395,4,T1
41207865,lzyxiaojizhi,4,T2
41207865,lzyxiaojizhi,4,T2
41207865,lzyxiaojizhi,4,T2
41207865,lzyxiaojizhi,4,T2
41207865,lzyxiaojizhi,4,T2
41207865,lzyxiaojizhi,4,T2
41207865,lzyxiaojizhi,4,T2
41207865,lzyxiaojizhi,4,T2
41207865,lzyxiaojizhi,4,T2
41208426,s1071687079,4,T3
41208426,s1071687079,4,T3
41208426,s1071687079,4,T3
41208426,s1071687079,4,T3
41208426,s1071687079,4,T3
41208426,s1071687079,4,T3
41208426,s1071687079,4,T3
41208426,s1071687079,4,T3
41208426,s1071687079,4,T3
41209814,Smile_oxx,4,T4
41209814,Smile_oxx,4,T4
41209814,Smile_oxx,4,T4
41209814,Smile_oxx,4,T4
41209814,Smile_oxx,4,T4
41209814,Smile_oxx,4,T4
41209814,Smile_oxx,4,T4
41209814,Smile_oxx,4,T4
41209814,Smile_oxx,4,T4
41210133,yxl_20001031,4,T1
41210133,yxl_20001031,4,T1
41210133,yxl_20001031,4,T1
41210133,yxl_20001031,4,T1
41210133,yxl_20001031,4,T1
41210133,yxl_20001031,4,T1
41210133,yxl_20001031,4,T1
41210133,yxl_20001031,4,T1
41210133,yxl_20001031,4,T1
42002076,Baijie021187,4,T3
42002076,Baijie021187,4,T3
42002076,Baijie021187,4,T3
42002076,Baijie021187,4,T3
42002076,Baijie021187,4,T3
42002076,Baijie021187,4,T3
42002076,Baijie021187,4,T3
42002076,Baijie021187,4,T3
42002076,Baijie021187,4,T3
42005812,kangld_sh,4,T4
42005812,kangld_sh,4,T4
42005812,kangld_sh,4,T4
42005812,kangld_sh,4,T4
42005812,kangld_sh,4,T4
42005812,kangld_sh,4,T4
42005812,kangld_sh,4,T4
42005812,kangld_sh,4,T4
42005812,kangld_sh,4,T4
42006820,Amy_xuchengze,4,T2
42006820,Amy_xuchengze,4,T2
42006820,Amy_xuchengze,4,T2
42006820,Amy_xuchengze,4,T2
42006820,Amy_xuchengze,4,T2
42006820,Amy_xuchengze,4,T2
42006820,Amy_xuchengze,4,T2
42006820,Amy_xuchengze,4,T2
42006820,Amy_xuchengze,4,T2
42007038,szxxingfugangwan,4,T1
42007038,szxxingfugangwan,4,T1
42007038,szxxingfugangwan,4,T1
42007038,szxxingfugangwan,4,T1
42007038,szxxingfugangwan,4,T1
42007038,szxxingfugangwan,4,T1
42007038,szxxingfugangwan,4,T1
42007038,szxxingfugangwan,4,T1
42007038,szxxingfugangwan,4,T1
42008987,lzh18321997059,4,T2
42008987,lzh18321997059,4,T2
42008987,lzh18321997059,4,T2
42008987,lzh18321997059,4,T2
42008987,lzh18321997059,4,T2
42008987,lzh18321997059,4,T2
42008987,lzh18321997059,4,T2
42008987,lzh18321997059,4,T2
42008987,lzh18321997059,4,T2
42009472,zhaoyang1999330,4,T1
42009472,zhaoyang1999330,4,T1
42009472,zhaoyang1999330,4,T1
42009472,zhaoyang1999330,4,T1
42009472,zhaoyang1999330,4,T1
42009472,zhaoyang1999330,4,T1
42009472,zhaoyang1999330,4,T1
42009472,zhaoyang1999330,4,T1
42009472,zhaoyang1999330,4,T1
42010959,x96feng,4,T4
42010959,x96feng,4,T4
42010959,x96feng,4,T4
42010959,x96feng,4,T4
42010959,x96feng,4,T4
42010959,x96feng,4,T4
42010959,x96feng,4,T4
42010959,x96feng,4,T4
42010959,x96feng,4,T4
42011302,my13192335963,4,T3
42011302,my13192335963,4,T3
42011302,my13192335963,4,T3
42011302,my13192335963,4,T3
42011302,my13192335963,4,T3
42011302,my13192335963,4,T3
42011302,my13192335963,4,T3
42011302,my13192335963,4,T3
42011302,my13192335963,4,T3
42012447,wxid_prb73l568ld122,4,T3
42012447,wxid_prb73l568ld122,4,T3
42012447,wxid_prb73l568ld122,4,T3
42012447,wxid_prb73l568ld122,4,T3
42012447,wxid_prb73l568ld122,4,T3
42012447,wxid_prb73l568ld122,4,T3
42012447,wxid_prb73l568ld122,4,T3
42012447,wxid_prb73l568ld122,4,T3
42012447,wxid_prb73l568ld122,4,T3
42013283,Akunomee,4,T2
42013283,Akunomee,4,T2
42013283,Akunomee,4,T2
42013283,Akunomee,4,T2
42013283,Akunomee,4,T2
42013283,Akunomee,4,T2
42013283,Akunomee,4,T2
42013283,Akunomee,4,T2
42013283,Akunomee,4,T2
42014723,XSZX95,4,T2
42014723,XSZX95,4,T2
42014723,XSZX95,4,T2
42014723,XSZX95,4,T2
42014723,XSZX95,4,T2
42014723,XSZX95,4,T2
42014723,XSZX95,4,T2
42014723,XSZX95,4,T2
42014723,XSZX95,4,T2
42015207,MRrvvw,4,T4
42015207,MRrvvw,4,T4
42015207,MRrvvw,4,T4
42015207,MRrvvw,4,T4
42015207,MRrvvw,4,T4
42015207,MRrvvw,4,T4
42015207,MRrvvw,4,T4
42015207,MRrvvw,4,T4
42015207,MRrvvw,4,T4
42016820,zxd20000311,4,T4
42016820,zxd20000311,4,T4
42016820,zxd20000311,4,T4
42016820,zxd20000311,4,T4
42016820,zxd20000311,4,T4
42016820,zxd20000311,4,T4
42016820,zxd20000311,4,T4
42016820,zxd20000311,4,T4
42016820,zxd20000311,4,T4
42017535,jxsue19970125,4,T3
42017535,jxsue19970125,4,T3
42017535,jxsue19970125,4,T3
42017535,jxsue19970125,4,T3
42017535,jxsue19970125,4,T3
42017535,jxsue19970125,4,T3
42017535,jxsue19970125,4,T3
42017535,jxsue19970125,4,T3
42017535,jxsue19970125,4,T3
42018553,wxid_1tq4ds5v5jzd22,4,T2
42018553,wxid_1tq4ds5v5jzd22,4,T2
42018553,wxid_1tq4ds5v5jzd22,4,T2
42018553,wxid_1tq4ds5v5jzd22,4,T2
42018553,wxid_1tq4ds5v5jzd22,4,T2
42018553,wxid_1tq4ds5v5jzd22,4,T2
42018553,wxid_1tq4ds5v5jzd22,4,T2
42018553,wxid_1tq4ds5v5jzd22,4,T2
42018553,wxid_1tq4ds5v5jzd22,4,T2
42019796,champagne96,4,T4
42019796,champagne96,4,T4
42019796,champagne96,4,T4
42019796,champagne96,4,T4
42019796,champagne96,4,T4
42019796,champagne96,4,T4
42019796,champagne96,4,T4
42019796,champagne96,4,T4
42019796,champagne96,4,T4
42020062,shiny-3H,4,T4
42020062,shiny-3H,4,T4
42020062,shiny-3H,4,T4
42020062,shiny-3H,4,T4
42020062,shiny-3H,4,T4
42020062,shiny-3H,4,T4
42020062,shiny-3H,4,T4
42020062,shiny-3H,4,T4
42020062,shiny-3H,4,T4
42021240,cvi0520,4,T4
42021240,cvi0520,4,T4
42021240,cvi0520,4,T4
42021240,cvi0520,4,T4
42021240,cvi0520,4,T4
42021240,cvi0520,4,T4
42021240,cvi0520,4,T4
42021240,cvi0520,4,T4
42021240,cvi0520,4,T4
42022183,wz442641436,4,T4
42022183,wz442641436,4,T4
42022183,wz442641436,4,T4
42022183,wz442641436,4,T4
42022183,wz442641436,4,T4
42022183,wz442641436,4,T4
42022183,wz442641436,4,T4
42022183,wz442641436,4,T4
42022183,wz442641436,4,T4
42023104,blackraker,4,T3
42023104,blackraker,4,T3
42023104,blackraker,4,T3
42023104,blackraker,4,T3
42023104,blackraker,4,T3
42023104,blackraker,4,T3
42023104,blackraker,4,T3
42023104,blackraker,4,T3
42023104,blackraker,4,T3
42024127,wymuahhh,4,T4
42024127,wymuahhh,4,T4
42024127,wymuahhh,4,T4
42024127,wymuahhh,4,T4
42024127,wymuahhh,4,T4
42024127,wymuahhh,4,T4
42024127,wymuahhh,4,T4
42024127,wymuahhh,4,T4
42024127,wymuahhh,4,T4
42025633,Selina-ZYYY,4,T3
42025633,Selina-ZYYY,4,T3
42025633,Selina-ZYYY,4,T3
42025633,Selina-ZYYY,4,T3
42025633,Selina-ZYYY,4,T3
42025633,Selina-ZYYY,4,T3
42025633,Selina-ZYYY,4,T3
42025633,Selina-ZYYY,4,T3
42025633,Selina-ZYYY,4,T3
42026798,a1006854403,4,T1
42026798,a1006854403,4,T1
42026798,a1006854403,4,T1
42026798,a1006854403,4,T1
42026798,a1006854403,4,T1
42026798,a1006854403,4,T1
42026798,a1006854403,4,T1
42026798,a1006854403,4,T1
42026798,a1006854403,4,T1
42027285,gwx15951657199,4,T1
42027285,gwx15951657199,4,T1
42027285,gwx15951657199,4,T1
42027285,gwx15951657199,4,T1
42027285,gwx15951657199,4,T1
42027285,gwx15951657199,4,T1
42027285,gwx15951657199,4,T1
42027285,gwx15951657199,4,T1
42027285,gwx15951657199,4,T1
42028270,ycfszd1,4,T3
42028270,ycfszd1,4,T3
42028270,ycfszd1,4,T3
42028270,ycfszd1,4,T3
42028270,ycfszd1,4,T3
42028270,ycfszd1,4,T3
42028270,ycfszd1,4,T3
42028270,ycfszd1,4,T3
42028270,ycfszd1,4,T3
42028575,ycfszd1,4,T3
42028575,ycfszd1,4,T3
42028575,ycfszd1,4,T3
42028575,ycfszd1,4,T3
42028575,ycfszd1,4,T3
42028575,ycfszd1,4,T3
42028575,ycfszd1,4,T3
42028575,ycfszd1,4,T3
42028575,ycfszd1,4,T3
42028872,ycfszd1,4,T3
42028872,ycfszd1,4,T3
42028872,ycfszd1,4,T3
42028872,ycfszd1,4,T3
42028872,ycfszd1,4,T3
42028872,ycfszd1,4,T3
42028872,ycfszd1,4,T3
42028872,ycfszd1,4,T3
42028872,ycfszd1,4,T3
42029125,yumitou1997,4,T3
42029125,yumitou1997,4,T3
42029125,yumitou1997,4,T3
42029125,yumitou1997,4,T3
42029125,yumitou1997,4,T3
42029125,yumitou1997,4,T3
42029125,yumitou1997,4,T3
42029125,yumitou1997,4,T3
42029125,yumitou1997,4,T3
42030230,LuckyLZJ_0528,4,T1
42030230,LuckyLZJ_0528,4,T1
42030230,LuckyLZJ_0528,4,T1
42030230,LuckyLZJ_0528,4,T1
42030230,LuckyLZJ_0528,4,T1
42030230,LuckyLZJ_0528,4,T1
42030230,LuckyLZJ_0528,4,T1
42030230,LuckyLZJ_0528,4,T1
42030230,LuckyLZJ_0528,4,T1
42031316,ss47550,4,T2
42031316,ss47550,4,T2
42031316,ss47550,4,T2
42031316,ss47550,4,T2
42031316,ss47550,4,T2
42031316,ss47550,4,T2
42031316,ss47550,4,T2
42031316,ss47550,4,T2
42031316,ss47550,4,T2
42032278,Dxy1259413425,4,T1
42032278,Dxy1259413425,4,T1
42032278,Dxy1259413425,4,T1
42032278,Dxy1259413425,4,T1
42032278,Dxy1259413425,4,T1
42032278,Dxy1259413425,4,T1
42032278,Dxy1259413425,4,T1
42032278,Dxy1259413425,4,T1
42032278,Dxy1259413425,4,T1
42033517,bh15293496061,4,T2
42033517,bh15293496061,4,T2
42033517,bh15293496061,4,T2
42033517,bh15293496061,4,T2
42033517,bh15293496061,4,T2
42033517,bh15293496061,4,T2
42033517,bh15293496061,4,T2
42033517,bh15293496061,4,T2
42033517,bh15293496061,4,T2
42035766,wxid_r9f7vmbxc0nv22,4,T2
42035766,wxid_r9f7vmbxc0nv22,4,T2
42035766,wxid_r9f7vmbxc0nv22,4,T2
42035766,wxid_r9f7vmbxc0nv22,4,T2
42035766,wxid_r9f7vmbxc0nv22,4,T2
42035766,wxid_r9f7vmbxc0nv22,4,T2
42035766,wxid_r9f7vmbxc0nv22,4,T2
42035766,wxid_r9f7vmbxc0nv22,4,T2
42035766,wxid_r9f7vmbxc0nv22,4,T2
42037069,zxcvbzxcvb987789,4,T1
42037069,zxcvbzxcvb987789,4,T1
42037069,zxcvbzxcvb987789,4,T1
42037069,zxcvbzxcvb987789,4,T1
42037069,zxcvbzxcvb987789,4,T1
42037069,zxcvbzxcvb987789,4,T1
42037069,zxcvbzxcvb987789,4,T1
42037069,zxcvbzxcvb987789,4,T1
42037069,zxcvbzxcvb987789,4,T1
42038049,sher1991xyx,4,T1
42038049,sher1991xyx,4,T1
42038049,sher1991xyx,4,T1
42038049,sher1991xyx,4,T1
42038049,sher1991xyx,4,T1
42038049,sher1991xyx,4,T1
42038049,sher1991xyx,4,T1
42038049,sher1991xyx,4,T1
42038049,sher1991xyx,4,T1
42039688,inovin,4,T3
42039688,inovin,4,T3
42039688,inovin,4,T3
42039688,inovin,4,T3
42039688,inovin,4,T3
42039688,inovin,4,T3
42039688,inovin,4,T3
42039688,inovin,4,T3
42039688,inovin,4,T3
42042439,_Fiona_Lulu,4,T1
42042439,_Fiona_Lulu,4,T1
42042439,_Fiona_Lulu,4,T1
42042439,_Fiona_Lulu,4,T1
42042439,_Fiona_Lulu,4,T1
42042439,_Fiona_Lulu,4,T1
42042439,_Fiona_Lulu,4,T1
42042439,_Fiona_Lulu,4,T1
42042439,_Fiona_Lulu,4,T1
42044805,Ymmzzc_2,4,T4
42044805,Ymmzzc_2,4,T4
42044805,Ymmzzc_2,4,T4
42044805,Ymmzzc_2,4,T4
42044805,Ymmzzc_2,4,T4
42044805,Ymmzzc_2,4,T4
42044805,Ymmzzc_2,4,T4
42044805,Ymmzzc_2,4,T4
42044805,Ymmzzc_2,4,T4
42048854,dkt33319990126,4,T1
42048854,dkt33319990126,4,T1
42048854,dkt33319990126,4,T1
42048854,dkt33319990126,4,T1
42048854,dkt33319990126,4,T1
42048854,dkt33319990126,4,T1
42048854,dkt33319990126,4,T1
42048854,dkt33319990126,4,T1
42048854,dkt33319990126,4,T1
42049043,sound-feel-forever,4,T3
42049043,sound-feel-forever,4,T3
42049043,sound-feel-forever,4,T3
42049043,sound-feel-forever,4,T3
42049043,sound-feel-forever,4,T3
42049043,sound-feel-forever,4,T3
42049043,sound-feel-forever,4,T3
42049043,sound-feel-forever,4,T3
42049043,sound-feel-forever,4,T3
42051342,goldenbold,4,T3
42051342,goldenbold,4,T3
42051342,goldenbold,4,T3
42051342,goldenbold,4,T3
42051342,goldenbold,4,T3
42051342,goldenbold,4,T3
42051342,goldenbold,4,T3
42051342,goldenbold,4,T3
42051342,goldenbold,4,T3
42052869,zhuzhu985716,4,T4
42052869,zhuzhu985716,4,T4
42052869,zhuzhu985716,4,T4
42052869,zhuzhu985716,4,T4
42052869,zhuzhu985716,4,T4
42052869,zhuzhu985716,4,T4
42052869,zhuzhu985716,4,T4
42052869,zhuzhu985716,4,T4
42052869,zhuzhu985716,4,T4
42054225,SERENA12-24,4,T3
42054225,SERENA12-24,4,T3
42054225,SERENA12-24,4,T3
42054225,SERENA12-24,4,T3
42054225,SERENA12-24,4,T3
42054225,SERENA12-24,4,T3
42054225,SERENA12-24,4,T3
42054225,SERENA12-24,4,T3
42054225,SERENA12-24,4,T3
42056294,ShawnWang0930,4,T1
42056294,ShawnWang0930,4,T1
42056294,ShawnWang0930,4,T1
42056294,ShawnWang0930,4,T1
42056294,ShawnWang0930,4,T1
42056294,ShawnWang0930,4,T1
42056294,ShawnWang0930,4,T1
42056294,ShawnWang0930,4,T1
42056294,ShawnWang0930,4,T1
42057670,L5474474,4,T3
42057670,L5474474,4,T3
42057670,L5474474,4,T3
42057670,L5474474,4,T3
42057670,L5474474,4,T3
42057670,L5474474,4,T3
42057670,L5474474,4,T3
42057670,L5474474,4,T3
42057670,L5474474,4,T3
42059067,usefully,4,T4
42059067,usefully,4,T4
42059067,usefully,4,T4
42059067,usefully,4,T4
42059067,usefully,4,T4
42059067,usefully,4,T4
42059067,usefully,4,T4
42059067,usefully,4,T4
42059067,usefully,4,T4
42061928,zll99927,4,T1
42061928,zll99927,4,T1
42061928,zll99927,4,T1
42061928,zll99927,4,T1
42061928,zll99927,4,T1
42061928,zll99927,4,T1
42061928,zll99927,4,T1
42061928,zll99927,4,T1
42061928,zll99927,4,T1
42063392,mengmengwmj,4,T4
42063392,mengmengwmj,4,T4
42063392,mengmengwmj,4,T4
42063392,mengmengwmj,4,T4
42063392,mengmengwmj,4,T4
42063392,mengmengwmj,4,T4
42063392,mengmengwmj,4,T4
42063392,mengmengwmj,4,T4
42063392,mengmengwmj,4,T4
42065820,awa89172,4,T1
42065820,awa89172,4,T1
42065820,awa89172,4,T1
42065820,awa89172,4,T1
42065820,awa89172,4,T1
42065820,awa89172,4,T1
42065820,awa89172,4,T1
42065820,awa89172,4,T1
42065820,awa89172,4,T1
42066138,kerr_Greenleaf,4,T2
42066138,kerr_Greenleaf,4,T2
42066138,kerr_Greenleaf,4,T2
42066138,kerr_Greenleaf,4,T2
42066138,kerr_Greenleaf,4,T2
42066138,kerr_Greenleaf,4,T2
42066138,kerr_Greenleaf,4,T2
42066138,kerr_Greenleaf,4,T2
42066138,kerr_Greenleaf,4,T2
42068530,tpy0611,4,T1
42068530,tpy0611,4,T1
42068530,tpy0611,4,T1
42068530,tpy0611,4,T1
42068530,tpy0611,4,T1
42068530,tpy0611,4,T1
42068530,tpy0611,4,T1
42068530,tpy0611,4,T1
42068530,tpy0611,4,T1
42070670,ly52837,4,T4
42070670,ly52837,4,T4
42070670,ly52837,4,T4
42070670,ly52837,4,T4
42070670,ly52837,4,T4
42070670,ly52837,4,T4
42070670,ly52837,4,T4
42070670,ly52837,4,T4
42070670,ly52837,4,T4
42071196,sufegaochen,4,T2
42071196,sufegaochen,4,T2
42071196,sufegaochen,4,T2
42071196,sufegaochen,4,T2
42071196,sufegaochen,4,T2
42071196,sufegaochen,4,T2
42071196,sufegaochen,4,T2
42071196,sufegaochen,4,T2
42071196,sufegaochen,4,T2
42073125,ljjjj0606,4,T3
42073125,ljjjj0606,4,T3
42073125,ljjjj0606,4,T3
42073125,ljjjj0606,4,T3
42073125,ljjjj0606,4,T3
42073125,ljjjj0606,4,T3
42073125,ljjjj0606,4,T3
42073125,ljjjj0606,4,T3
42073125,ljjjj0606,4,T3
42075600,winchesterjl,4,T4
42075600,winchesterjl,4,T4
42075600,winchesterjl,4,T4
42075600,winchesterjl,4,T4
42075600,winchesterjl,4,T4
42075600,winchesterjl,4,T4
42075600,winchesterjl,4,T4
42075600,winchesterjl,4,T4
42075600,winchesterjl,4,T4
42076790,zqq1122334,4,T1
42076790,zqq1122334,4,T1
42076790,zqq1122334,4,T1
42076790,zqq1122334,4,T1
42076790,zqq1122334,4,T1
42076790,zqq1122334,4,T1
42076790,zqq1122334,4,T1
42076790,zqq1122334,4,T1
42076790,zqq1122334,4,T1
42077437,Chris11784,4,T4
42077437,Chris11784,4,T4
42077437,Chris11784,4,T4
42077437,Chris11784,4,T4
42077437,Chris11784,4,T4
42077437,Chris11784,4,T4
42077437,Chris11784,4,T4
42077437,Chris11784,4,T4
42077437,Chris11784,4,T4
42078926,He-Zihan1111,4,T1
42078926,He-Zihan1111,4,T1
42078926,He-Zihan1111,4,T1
42078926,He-Zihan1111,4,T1
42078926,He-Zihan1111,4,T1
42078926,He-Zihan1111,4,T1
42078926,He-Zihan1111,4,T1
42078926,He-Zihan1111,4,T1
42078926,He-Zihan1111,4,T1
42079130,L741378264,4,T3
42079130,L741378264,4,T3
42079130,L741378264,4,T3
42079130,L741378264,4,T3
42079130,L741378264,4,T3
42079130,L741378264,4,T3
42079130,L741378264,4,T3
42079130,L741378264,4,T3
42079130,L741378264,4,T3
42080918,fuer8995,4,T1
42080918,fuer8995,4,T1
42080918,fuer8995,4,T1
42080918,fuer8995,4,T1
42080918,fuer8995,4,T1
42080918,fuer8995,4,T1
42080918,fuer8995,4,T1
42080918,fuer8995,4,T1
42080918,fuer8995,4,T1
42082129,wxid_p35bt2ti68ox22,4,T3
42082129,wxid_p35bt2ti68ox22,4,T3
42082129,wxid_p35bt2ti68ox22,4,T3
42082129,wxid_p35bt2ti68ox22,4,T3
42082129,wxid_p35bt2ti68ox22,4,T3
42082129,wxid_p35bt2ti68ox22,4,T3
42082129,wxid_p35bt2ti68ox22,4,T3
42082129,wxid_p35bt2ti68ox22,4,T3
42082129,wxid_p35bt2ti68ox22,4,T3
42083002,WanJun25yt-L3r,4,T3
42083002,WanJun25yt-L3r,4,T3
42083002,WanJun25yt-L3r,4,T3
42083002,WanJun25yt-L3r,4,T3
42083002,WanJun25yt-L3r,4,T3
42083002,WanJun25yt-L3r,4,T3
42083002,WanJun25yt-L3r,4,T3
42083002,WanJun25yt-L3r,4,T3
42083002,WanJun25yt-L3r,4,T3
42085387,Zhuyicheng_junior,4,T2
42085387,Zhuyicheng_junior,4,T2
42085387,Zhuyicheng_junior,4,T2
42085387,Zhuyicheng_junior,4,T2
42085387,Zhuyicheng_junior,4,T2
42085387,Zhuyicheng_junior,4,T2
42085387,Zhuyicheng_junior,4,T2
42085387,Zhuyicheng_junior,4,T2
42085387,Zhuyicheng_junior,4,T2
42086202,Alicia1220-,4,T3
42086202,Alicia1220-,4,T3
42086202,Alicia1220-,4,T3
42086202,Alicia1220-,4,T3
42086202,Alicia1220-,4,T3
42086202,Alicia1220-,4,T3
42086202,Alicia1220-,4,T3
42086202,Alicia1220-,4,T3
42086202,Alicia1220-,4,T3
42087083,jiangjun0729,4,T4
42087083,jiangjun0729,4,T4
42087083,jiangjun0729,4,T4
42087083,jiangjun0729,4,T4
42087083,jiangjun0729,4,T4
42087083,jiangjun0729,4,T4
42087083,jiangjun0729,4,T4
42087083,jiangjun0729,4,T4
42087083,jiangjun0729,4,T4
42088824,zll211211zll,4,T4
42088824,zll211211zll,4,T4
42088824,zll211211zll,4,T4
42088824,zll211211zll,4,T4
42088824,zll211211zll,4,T4
42088824,zll211211zll,4,T4
42088824,zll211211zll,4,T4
42088824,zll211211zll,4,T4
42088824,zll211211zll,4,T4
42090341,ww976873595,4,T4
42090341,ww976873595,4,T4
42090341,ww976873595,4,T4
42090341,ww976873595,4,T4
42090341,ww976873595,4,T4
42090341,ww976873595,4,T4
42090341,ww976873595,4,T4
42090341,ww976873595,4,T4
42090341,ww976873595,4,T4
42091347,yumi_lalala,4,T4
42091347,yumi_lalala,4,T4
42091347,yumi_lalala,4,T4
42091347,yumi_lalala,4,T4
42091347,yumi_lalala,4,T4
42091347,yumi_lalala,4,T4
42091347,yumi_lalala,4,T4
42091347,yumi_lalala,4,T4
42091347,yumi_lalala,4,T4
42093021,sk0012300,4,T3
42093021,sk0012300,4,T3
42093021,sk0012300,4,T3
42093021,sk0012300,4,T3
42093021,sk0012300,4,T3
42093021,sk0012300,4,T3
42093021,sk0012300,4,T3
42093021,sk0012300,4,T3
42093021,sk0012300,4,T3
42095656,Originalism,4,T2
42095656,Originalism,4,T2
42095656,Originalism,4,T2
42095656,Originalism,4,T2
42095656,Originalism,4,T2
42095656,Originalism,4,T2
42095656,Originalism,4,T2
42095656,Originalism,4,T2
42095656,Originalism,4,T2
43003008,wxid_2q7bzdd61x9a22,4,T2
43003008,wxid_2q7bzdd61x9a22,4,T2
43003008,wxid_2q7bzdd61x9a22,4,T2
43003008,wxid_2q7bzdd61x9a22,4,T2
43003008,wxid_2q7bzdd61x9a22,4,T2
43003008,wxid_2q7bzdd61x9a22,4,T2
43003008,wxid_2q7bzdd61x9a22,4,T2
43003008,wxid_2q7bzdd61x9a22,4,T2
43003008,wxid_2q7bzdd61x9a22,4,T2
43034350,yyr19990820,4,T2
43034350,yyr19990820,4,T2
43034350,yyr19990820,4,T2
43034350,yyr19990820,4,T2
43034350,yyr19990820,4,T2
43034350,yyr19990820,4,T2
43034350,yyr19990820,4,T2
43034350,yyr19990820,4,T2
43034350,yyr19990820,4,T2
43036952,丛沐青,4,T1
43036952,丛沐青,4,T1
43036952,丛沐青,4,T1
43036952,丛沐青,4,T1
43036952,丛沐青,4,T1
43036952,丛沐青,4,T1
43036952,丛沐青,4,T1
43036952,丛沐青,4,T1
43036952,丛沐青,4,T1
43040218,人来,4,T2
43040218,人来,4,T2
43040218,人来,4,T2
43040218,人来,4,T2
43040218,人来,4,T2
43040218,人来,4,T2
43040218,人来,4,T2
43040218,人来,4,T2
43040218,人来,4,T2
43041448,dermund,4,T2
43041448,dermund,4,T2
43041448,dermund,4,T2
43041448,dermund,4,T2
43041448,dermund,4,T2
43041448,dermund,4,T2
43041448,dermund,4,T2
43041448,dermund,4,T2
43041448,dermund,4,T2
43043364,rachel5198,4,T4
43043364,rachel5198,4,T4
43043364,rachel5198,4,T4
43043364,rachel5198,4,T4
43043364,rachel5198,4,T4
43043364,rachel5198,4,T4
43043364,rachel5198,4,T4
43043364,rachel5198,4,T4
43043364,rachel5198,4,T4
43045726,lijunjie1185546870,4,T3
43045726,lijunjie1185546870,4,T3
43045726,lijunjie1185546870,4,T3
43045726,lijunjie1185546870,4,T3
43045726,lijunjie1185546870,4,T3
43045726,lijunjie1185546870,4,T3
43045726,lijunjie1185546870,4,T3
43045726,lijunjie1185546870,4,T3
43045726,lijunjie1185546870,4,T3
43046237,Ywz2827911078,4,T4
43046237,Ywz2827911078,4,T4
43046237,Ywz2827911078,4,T4
43046237,Ywz2827911078,4,T4
43046237,Ywz2827911078,4,T4
43046237,Ywz2827911078,4,T4
43046237,Ywz2827911078,4,T4
43046237,Ywz2827911078,4,T4
43046237,Ywz2827911078,4,T4
43047978,jhgkui,4,T1
43047978,jhgkui,4,T1
43047978,jhgkui,4,T1
43047978,jhgkui,4,T1
43047978,jhgkui,4,T1
43047978,jhgkui,4,T1
43047978,jhgkui,4,T1
43047978,jhgkui,4,T1
43047978,jhgkui,4,T1
43050683,VictoriaYOUNG7,4,T1
43050683,VictoriaYOUNG7,4,T1
43050683,VictoriaYOUNG7,4,T1
43050683,VictoriaYOUNG7,4,T1
43050683,VictoriaYOUNG7,4,T1
43050683,VictoriaYOUNG7,4,T1
43050683,VictoriaYOUNG7,4,T1
43050683,VictoriaYOUNG7,4,T1
43050683,VictoriaYOUNG7,4,T1
43053262,wxid_ae5jv33vwv8e22,4,T2
43053262,wxid_ae5jv33vwv8e22,4,T2
43053262,wxid_ae5jv33vwv8e22,4,T2
43053262,wxid_ae5jv33vwv8e22,4,T2
43053262,wxid_ae5jv33vwv8e22,4,T2
43053262,wxid_ae5jv33vwv8e22,4,T2
43053262,wxid_ae5jv33vwv8e22,4,T2
43053262,wxid_ae5jv33vwv8e22,4,T2
43053262,wxid_ae5jv33vwv8e22,4,T2
43055541,Laiyigeng,4,T3
43055541,Laiyigeng,4,T3
43055541,Laiyigeng,4,T3
43055541,Laiyigeng,4,T3
43055541,Laiyigeng,4,T3
43055541,Laiyigeng,4,T3
43055541,Laiyigeng,4,T3
43055541,Laiyigeng,4,T3
43055541,Laiyigeng,4,T3
43058309,h15124390604,4,T2
43058309,h15124390604,4,T2
43058309,h15124390604,4,T2
43058309,h15124390604,4,T2
43058309,h15124390604,4,T2
43058309,h15124390604,4,T2
43058309,h15124390604,4,T2
43058309,h15124390604,4,T2
43058309,h15124390604,4,T2
43060195,haaasan687,4,T3
43060195,haaasan687,4,T3
43060195,haaasan687,4,T3
43060195,haaasan687,4,T3
43060195,haaasan687,4,T3
43060195,haaasan687,4,T3
43060195,haaasan687,4,T3
43060195,haaasan687,4,T3
43060195,haaasan687,4,T3
43062517,yzsxj0913,4,T2
43062517,yzsxj0913,4,T2
43062517,yzsxj0913,4,T2
43062517,yzsxj0913,4,T2
43062517,yzsxj0913,4,T2
43062517,yzsxj0913,4,T2
43062517,yzsxj0913,4,T2
43062517,yzsxj0913,4,T2
43062517,yzsxj0913,4,T2
43064601,Qhanasaki,4,T4
43064601,Qhanasaki,4,T4
43064601,Qhanasaki,4,T4
43064601,Qhanasaki,4,T4
43064601,Qhanasaki,4,T4
43064601,Qhanasaki,4,T4
43064601,Qhanasaki,4,T4
43064601,Qhanasaki,4,T4
43064601,Qhanasaki,4,T4
43067308,yj13867569772,4,T2
43067308,yj13867569772,4,T2
43067308,yj13867569772,4,T2
43067308,yj13867569772,4,T2
43067308,yj13867569772,4,T2
43067308,yj13867569772,4,T2
43067308,yj13867569772,4,T2
43067308,yj13867569772,4,T2
43067308,yj13867569772,4,T2
43069923,dyh15932059850,4,T2
43069923,dyh15932059850,4,T2
43069923,dyh15932059850,4,T2
43069923,dyh15932059850,4,T2
43069923,dyh15932059850,4,T2
43069923,dyh15932059850,4,T2
43069923,dyh15932059850,4,T2
43069923,dyh15932059850,4,T2
43069923,dyh15932059850,4,T2
43072382,LYdia20160402,4,T3
43072382,LYdia20160402,4,T3
43072382,LYdia20160402,4,T3
43072382,LYdia20160402,4,T3
43072382,LYdia20160402,4,T3
43072382,LYdia20160402,4,T3
43072382,LYdia20160402,4,T3
43072382,LYdia20160402,4,T3
43072382,LYdia20160402,4,T3
43074357,xirouloveyou,4,T3
43074357,xirouloveyou,4,T3
43074357,xirouloveyou,4,T3
43074357,xirouloveyou,4,T3
43074357,xirouloveyou,4,T3
43074357,xirouloveyou,4,T3
43074357,xirouloveyou,4,T3
43074357,xirouloveyou,4,T3
43074357,xirouloveyou,4,T3
43081351,OnlyPrinceboy,4,T3
43081351,OnlyPrinceboy,4,T3
43081351,OnlyPrinceboy,4,T3
43081351,OnlyPrinceboy,4,T3
43081351,OnlyPrinceboy,4,T3
43081351,OnlyPrinceboy,4,T3
43081351,OnlyPrinceboy,4,T3
43081351,OnlyPrinceboy,4,T3
43081351,OnlyPrinceboy,4,T3
43084068,wyc729553304,4,T2
43084068,wyc729553304,4,T2
43084068,wyc729553304,4,T2
43084068,wyc729553304,4,T2
43084068,wyc729553304,4,T2
43084068,wyc729553304,4,T2
43084068,wyc729553304,4,T2
43084068,wyc729553304,4,T2
43084068,wyc729553304,4,T2
43092020,wulimengjun,4,T1
43092020,wulimengjun,4,T1
43092020,wulimengjun,4,T1
43092020,wulimengjun,4,T1
43092020,wulimengjun,4,T1
43092020,wulimengjun,4,T1
43092020,wulimengjun,4,T1
43092020,wulimengjun,4,T1
43092020,wulimengjun,4,T1
43094710,xx03-27xx,4,T4
43094710,xx03-27xx,4,T4
43094710,xx03-27xx,4,T4
43094710,xx03-27xx,4,T4
43094710,xx03-27xx,4,T4
43094710,xx03-27xx,4,T4
43094710,xx03-27xx,4,T4
43094710,xx03-27xx,4,T4
43094710,xx03-27xx,4,T4
43096266,wwj18483506823,4,T2
43096266,wwj18483506823,4,T2
43096266,wwj18483506823,4,T2
43096266,wwj18483506823,4,T2
43096266,wwj18483506823,4,T2
43096266,wwj18483506823,4,T2
43096266,wwj18483506823,4,T2
43096266,wwj18483506823,4,T2
43096266,wwj18483506823,4,T2
43097458,HT_WYN,4,T1
43097458,HT_WYN,4,T1
43097458,HT_WYN,4,T1
43097458,HT_WYN,4,T1
43097458,HT_WYN,4,T1
43097458,HT_WYN,4,T1
43097458,HT_WYN,4,T1
43097458,HT_WYN,4,T1
43097458,HT_WYN,4,T1
43098981,fx_991022,4,T2
43098981,fx_991022,4,T2
43098981,fx_991022,4,T2
43098981,fx_991022,4,T2
43098981,fx_991022,4,T2
43098981,fx_991022,4,T2
43098981,fx_991022,4,T2
43098981,fx_991022,4,T2
43098981,fx_991022,4,T2
43099807,wxid_0q1c25bbhc6g22,4,T3
43099807,wxid_0q1c25bbhc6g22,4,T3
43099807,wxid_0q1c25bbhc6g22,4,T3
43099807,wxid_0q1c25bbhc6g22,4,T3
43099807,wxid_0q1c25bbhc6g22,4,T3
43099807,wxid_0q1c25bbhc6g22,4,T3
43099807,wxid_0q1c25bbhc6g22,4,T3
43099807,wxid_0q1c25bbhc6g22,4,T3
43099807,wxid_0q1c25bbhc6g22,4,T3
43100547,作用于2222266,4,T2
43100547,作用于2222266,4,T2
43100547,作用于2222266,4,T2
43100547,作用于2222266,4,T2
43100547,作用于2222266,4,T2
43100547,作用于2222266,4,T2
43100547,作用于2222266,4,T2
43100547,作用于2222266,4,T2
43100547,作用于2222266,4,T2
43101282,zyy22222266,4,T2
43101282,zyy22222266,4,T2
43101282,zyy22222266,4,T2
43101282,zyy22222266,4,T2
43101282,zyy22222266,4,T2
43101282,zyy22222266,4,T2
43101282,zyy22222266,4,T2
43101282,zyy22222266,4,T2
43101282,zyy22222266,4,T2
43102497,Avelve,4,T3
43102497,Avelve,4,T3
43102497,Avelve,4,T3
43102497,Avelve,4,T3
43102497,Avelve,4,T3
43102497,Avelve,4,T3
43102497,Avelve,4,T3
43102497,Avelve,4,T3
43102497,Avelve,4,T3
43103931,zxy_99-05-06,4,T1
43103931,zxy_99-05-06,4,T1
43103931,zxy_99-05-06,4,T1
43103931,zxy_99-05-06,4,T1
43103931,zxy_99-05-06,4,T1
43103931,zxy_99-05-06,4,T1
43103931,zxy_99-05-06,4,T1
43103931,zxy_99-05-06,4,T1
43103931,zxy_99-05-06,4,T1
43104616,oneinlove6688,4,T4
43104616,oneinlove6688,4,T4
43104616,oneinlove6688,4,T4
43104616,oneinlove6688,4,T4
43104616,oneinlove6688,4,T4
43104616,oneinlove6688,4,T4
43104616,oneinlove6688,4,T4
43104616,oneinlove6688,4,T4
43104616,oneinlove6688,4,T4
43105138,wxid_qge8wx6zt0zt22,4,T4
43105138,wxid_qge8wx6zt0zt22,4,T4
43105138,wxid_qge8wx6zt0zt22,4,T4
43105138,wxid_qge8wx6zt0zt22,4,T4
43105138,wxid_qge8wx6zt0zt22,4,T4
43105138,wxid_qge8wx6zt0zt22,4,T4
43105138,wxid_qge8wx6zt0zt22,4,T4
43105138,wxid_qge8wx6zt0zt22,4,T4
43105138,wxid_qge8wx6zt0zt22,4,T4
43108109,wzj-1215225,4,T3
43108109,wzj-1215225,4,T3
43108109,wzj-1215225,4,T3
43108109,wzj-1215225,4,T3
43108109,wzj-1215225,4,T3
43108109,wzj-1215225,4,T3
43108109,wzj-1215225,4,T3
43108109,wzj-1215225,4,T3
43108109,wzj-1215225,4,T3
43110412,qianchaoyouyai,4,T1
43110412,qianchaoyouyai,4,T1
43110412,qianchaoyouyai,4,T1
43110412,qianchaoyouyai,4,T1
43110412,qianchaoyouyai,4,T1
43110412,qianchaoyouyai,4,T1
43110412,qianchaoyouyai,4,T1
43110412,qianchaoyouyai,4,T1
43110412,qianchaoyouyai,4,T1
43113645,myp7448224476,4,T2
43113645,myp7448224476,4,T2
43113645,myp7448224476,4,T2
43113645,myp7448224476,4,T2
43113645,myp7448224476,4,T2
43113645,myp7448224476,4,T2
43113645,myp7448224476,4,T2
43113645,myp7448224476,4,T2
43113645,myp7448224476,4,T2
43115262,wxid_py4olb80nb7s22,4,T3
43115262,wxid_py4olb80nb7s22,4,T3
43115262,wxid_py4olb80nb7s22,4,T3
43115262,wxid_py4olb80nb7s22,4,T3
43115262,wxid_py4olb80nb7s22,4,T3
43115262,wxid_py4olb80nb7s22,4,T3
43115262,wxid_py4olb80nb7s22,4,T3
43115262,wxid_py4olb80nb7s22,4,T3
43115262,wxid_py4olb80nb7s22,4,T3
43116149,q894682441,4,T2
43116149,q894682441,4,T2
43116149,q894682441,4,T2
43116149,q894682441,4,T2
43116149,q894682441,4,T2
43116149,q894682441,4,T2
43116149,q894682441,4,T2
43116149,q894682441,4,T2
43116149,q894682441,4,T2
43117183,fristljun,4,T1
43117183,fristljun,4,T1
43117183,fristljun,4,T1
43117183,fristljun,4,T1
43117183,fristljun,4,T1
43117183,fristljun,4,T1
43117183,fristljun,4,T1
43117183,fristljun,4,T1
43117183,fristljun,4,T1
43119950,chiyoy_uann,4,T1
43119950,chiyoy_uann,4,T1
43119950,chiyoy_uann,4,T1
43119950,chiyoy_uann,4,T1
43119950,chiyoy_uann,4,T1
43119950,chiyoy_uann,4,T1
43119950,chiyoy_uann,4,T1
43119950,chiyoy_uann,4,T1
43119950,chiyoy_uann,4,T1
43121227,ClaudioBravo1983,4,T2
43121227,ClaudioBravo1983,4,T2
43121227,ClaudioBravo1983,4,T2
43121227,ClaudioBravo1983,4,T2
43121227,ClaudioBravo1983,4,T2
43121227,ClaudioBravo1983,4,T2
43121227,ClaudioBravo1983,4,T2
43121227,ClaudioBravo1983,4,T2
43121227,ClaudioBravo1983,4,T2
43125617,w1449550206,4,T1
43125617,w1449550206,4,T1
43125617,w1449550206,4,T1
43125617,w1449550206,4,T1
43125617,w1449550206,4,T1
43125617,w1449550206,4,T1
43125617,w1449550206,4,T1
43125617,w1449550206,4,T1
43125617,w1449550206,4,T1
43130967,zzz32625hahaha,4,T4
43130967,zzz32625hahaha,4,T4
43130967,zzz32625hahaha,4,T4
43130967,zzz32625hahaha,4,T4
43130967,zzz32625hahaha,4,T4
43130967,zzz32625hahaha,4,T4
43130967,zzz32625hahaha,4,T4
43130967,zzz32625hahaha,4,T4
43130967,zzz32625hahaha,4,T4
43139981,smx261663209,4,T3
43139981,smx261663209,4,T3
43139981,smx261663209,4,T3
43139981,smx261663209,4,T3
43139981,smx261663209,4,T3
43139981,smx261663209,4,T3
43139981,smx261663209,4,T3
43139981,smx261663209,4,T3
43139981,smx261663209,4,T3
43143357,rs12345789o,4,T4
43143357,rs12345789o,4,T4
43143357,rs12345789o,4,T4
43143357,rs12345789o,4,T4
43143357,rs12345789o,4,T4
43143357,rs12345789o,4,T4
43143357,rs12345789o,4,T4
43143357,rs12345789o,4,T4
43143357,rs12345789o,4,T4
43146169,Liuying6_6,4,T2
43146169,Liuying6_6,4,T2
43146169,Liuying6_6,4,T2
43146169,Liuying6_6,4,T2
43146169,Liuying6_6,4,T2
43146169,Liuying6_6,4,T2
43146169,Liuying6_6,4,T2
43146169,Liuying6_6,4,T2
43146169,Liuying6_6,4,T2
43155618,Aura97,4,T4
43155618,Aura97,4,T4
43155618,Aura97,4,T4
43155618,Aura97,4,T4
43155618,Aura97,4,T4
43155618,Aura97,4,T4
43155618,Aura97,4,T4
43155618,Aura97,4,T4
43155618,Aura97,4,T4
43159448,Gabriel_lib,4,T4
43159448,Gabriel_lib,4,T4
43159448,Gabriel_lib,4,T4
43159448,Gabriel_lib,4,T4
43159448,Gabriel_lib,4,T4
43159448,Gabriel_lib,4,T4
43159448,Gabriel_lib,4,T4
43159448,Gabriel_lib,4,T4
43159448,Gabriel_lib,4,T4
43163115,wxid_38rh1n0m38rc22,4,T2
43163115,wxid_38rh1n0m38rc22,4,T2
43163115,wxid_38rh1n0m38rc22,4,T2
43163115,wxid_38rh1n0m38rc22,4,T2
43163115,wxid_38rh1n0m38rc22,4,T2
43163115,wxid_38rh1n0m38rc22,4,T2
43163115,wxid_38rh1n0m38rc22,4,T2
43163115,wxid_38rh1n0m38rc22,4,T2
43163115,wxid_38rh1n0m38rc22,4,T2
43169259,liyubo1234567,4,T2
43169259,liyubo1234567,4,T2
43169259,liyubo1234567,4,T2
43169259,liyubo1234567,4,T2
43169259,liyubo1234567,4,T2
43169259,liyubo1234567,4,T2
43169259,liyubo1234567,4,T2
43169259,liyubo1234567,4,T2
43169259,liyubo1234567,4,T2
43172987,cyy-vision1547474489,4,T4
43172987,cyy-vision1547474489,4,T4
43172987,cyy-vision1547474489,4,T4
43172987,cyy-vision1547474489,4,T4
43172987,cyy-vision1547474489,4,T4
43172987,cyy-vision1547474489,4,T4
43172987,cyy-vision1547474489,4,T4
43172987,cyy-vision1547474489,4,T4
43172987,cyy-vision1547474489,4,T4
43173763,xiaoxiaoxiao3345,4,T2
43173763,xiaoxiaoxiao3345,4,T2
43173763,xiaoxiaoxiao3345,4,T2
43173763,xiaoxiaoxiao3345,4,T2
43173763,xiaoxiaoxiao3345,4,T2
43173763,xiaoxiaoxiao3345,4,T2
43173763,xiaoxiaoxiao3345,4,T2
43173763,xiaoxiaoxiao3345,4,T2
43173763,xiaoxiaoxiao3345,4,T2
43174014,YYxiaaobudou,4,T3
43174014,YYxiaaobudou,4,T3
43174014,YYxiaaobudou,4,T3
43174014,YYxiaaobudou,4,T3
43174014,YYxiaaobudou,4,T3
43174014,YYxiaaobudou,4,T3
43174014,YYxiaaobudou,4,T3
43174014,YYxiaaobudou,4,T3
43174014,YYxiaaobudou,4,T3
43175967,YYxiaobudou,4,T4
43175967,YYxiaobudou,4,T4
43175967,YYxiaobudou,4,T4
43175967,YYxiaobudou,4,T4
43175967,YYxiaobudou,4,T4
43175967,YYxiaobudou,4,T4
43175967,YYxiaobudou,4,T4
43175967,YYxiaobudou,4,T4
43175967,YYxiaobudou,4,T4
43176148,chb992669370,4,T1
43176148,chb992669370,4,T1
43176148,chb992669370,4,T1
43176148,chb992669370,4,T1
43176148,chb992669370,4,T1
43176148,chb992669370,4,T1
43176148,chb992669370,4,T1
43176148,chb992669370,4,T1
43176148,chb992669370,4,T1
43177012,C13894374945,4,T4
43177012,C13894374945,4,T4
43177012,C13894374945,4,T4
43177012,C13894374945,4,T4
43177012,C13894374945,4,T4
43177012,C13894374945,4,T4
43177012,C13894374945,4,T4
43177012,C13894374945,4,T4
43177012,C13894374945,4,T4
43178664,xxrzuishuai1129,4,T1
43178664,xxrzuishuai1129,4,T1
43178664,xxrzuishuai1129,4,T1
43178664,xxrzuishuai1129,4,T1
43178664,xxrzuishuai1129,4,T1
43178664,xxrzuishuai1129,4,T1
43178664,xxrzuishuai1129,4,T1
43178664,xxrzuishuai1129,4,T1
43178664,xxrzuishuai1129,4,T1
43179006,xihuanni0913_,4,T1
43179006,xihuanni0913_,4,T1
43179006,xihuanni0913_,4,T1
43179006,xihuanni0913_,4,T1
43179006,xihuanni0913_,4,T1
43179006,xihuanni0913_,4,T1
43179006,xihuanni0913_,4,T1
43179006,xihuanni0913_,4,T1
43179006,xihuanni0913_,4,T1
43180759,wxid_0kjix5nqymc821,4,T3
43180759,wxid_0kjix5nqymc821,4,T3
43180759,wxid_0kjix5nqymc821,4,T3
43180759,wxid_0kjix5nqymc821,4,T3
43180759,wxid_0kjix5nqymc821,4,T3
43180759,wxid_0kjix5nqymc821,4,T3
43180759,wxid_0kjix5nqymc821,4,T3
43180759,wxid_0kjix5nqymc821,4,T3
43180759,wxid_0kjix5nqymc821,4,T3
43181898,wxid_7s1a17mqh60a22,4,T3
43181898,wxid_7s1a17mqh60a22,4,T3
43181898,wxid_7s1a17mqh60a22,4,T3
43181898,wxid_7s1a17mqh60a22,4,T3
43181898,wxid_7s1a17mqh60a22,4,T3
43181898,wxid_7s1a17mqh60a22,4,T3
43181898,wxid_7s1a17mqh60a22,4,T3
43181898,wxid_7s1a17mqh60a22,4,T3
43181898,wxid_7s1a17mqh60a22,4,T3
43189681,genesis_xyh,4,T2
43189681,genesis_xyh,4,T2
43189681,genesis_xyh,4,T2
43189681,genesis_xyh,4,T2
43189681,genesis_xyh,4,T2
43189681,genesis_xyh,4,T2
43189681,genesis_xyh,4,T2
43189681,genesis_xyh,4,T2
43189681,genesis_xyh,4,T2
43190600,kun-ikun-zt,4,T1
43190600,kun-ikun-zt,4,T1
43190600,kun-ikun-zt,4,T1
43190600,kun-ikun-zt,4,T1
43190600,kun-ikun-zt,4,T1
43190600,kun-ikun-zt,4,T1
43190600,kun-ikun-zt,4,T1
43190600,kun-ikun-zt,4,T1
43190600,kun-ikun-zt,4,T1
43191982,wxid_rd6cfkemnc4h22,4,T3
43191982,wxid_rd6cfkemnc4h22,4,T3
43191982,wxid_rd6cfkemnc4h22,4,T3
43191982,wxid_rd6cfkemnc4h22,4,T3
43191982,wxid_rd6cfkemnc4h22,4,T3
43191982,wxid_rd6cfkemnc4h22,4,T3
43191982,wxid_rd6cfkemnc4h22,4,T3
43191982,wxid_rd6cfkemnc4h22,4,T3
43191982,wxid_rd6cfkemnc4h22,4,T3
43192594,M15061339321M,4,T3
43192594,M15061339321M,4,T3
43192594,M15061339321M,4,T3
43192594,M15061339321M,4,T3
43192594,M15061339321M,4,T3
43192594,M15061339321M,4,T3
43192594,M15061339321M,4,T3
43192594,M15061339321M,4,T3
43192594,M15061339321M,4,T3
43193312,likexin1028,4,T3
43193312,likexin1028,4,T3
43193312,likexin1028,4,T3
43193312,likexin1028,4,T3
43193312,likexin1028,4,T3
43193312,likexin1028,4,T3
43193312,likexin1028,4,T3
43193312,likexin1028,4,T3
43193312,likexin1028,4,T3
43194873,g-15008625546,4,T3
43194873,g-15008625546,4,T3
43194873,g-15008625546,4,T3
43194873,g-15008625546,4,T3
43194873,g-15008625546,4,T3
43194873,g-15008625546,4,T3
43194873,g-15008625546,4,T3
43194873,g-15008625546,4,T3
43194873,g-15008625546,4,T3
43195228,xcx209717,4,T2
43195228,xcx209717,4,T2
43195228,xcx209717,4,T2
43195228,xcx209717,4,T2
43195228,xcx209717,4,T2
43195228,xcx209717,4,T2
43195228,xcx209717,4,T2
43195228,xcx209717,4,T2
43195228,xcx209717,4,T2
43196167,Haaasan687,4,T2
43196167,Haaasan687,4,T2
43196167,Haaasan687,4,T2
43196167,Haaasan687,4,T2
43196167,Haaasan687,4,T2
43196167,Haaasan687,4,T2
43196167,Haaasan687,4,T2
43196167,Haaasan687,4,T2
43196167,Haaasan687,4,T2
